0,normal_mean,tumor_mean,log2FC,p_value,FDR
let-7a,5814.620689655172,3987.344827586207,-0.5441430270556004,,
let-7a*,205.03571428571428,96.07407407407408,-1.0857364898385002,,
let-7b,19443.241379310344,16248.586206896553,-0.2589399682437855,,
let-7b*,194.71428571428572,63.607142857142854,-1.598983485226648,,
let-7c,3946.6206896551726,1542.103448275862,-1.3551485917905852,,
let-7c*,5.666666666666667,2.7777777777777777,-0.8194277543581792,,
let-7d,1666.2413793103449,1377.3793103448277,-0.2744900376666542,,
let-7d*,94.71428571428571,17.04,-2.4075349298068742,,
let-7e,4279.758620689655,1388.551724137931,-1.6232469506620852,,
let-7e*,21.041666666666668,7.166666666666667,-1.4324140679988173,,
let-7f,9485.068965517241,4384.689655172414,-1.1130066310163864,,
let-7f-1*,61.23076923076923,27.458333333333332,-1.1287769067199513,,
let-7f-2*,10.478260869565217,8.933333333333334,-0.20855423844779736,,
let-7g,2812.4137931034484,1613.3793103448277,-0.8013421675965029,,
let-7g*,8.3,13.533333333333333,0.6440630129477387,,
let-7i,3018.655172413793,3952.9655172413795,0.3889164779751832,,
let-7i*,37.214285714285715,36.083333333333336,-0.04334113409830119,,
miR-1,2058.296296296296,126.30434782608695,-4.015797825626928,,
miR-100,983.2068965517242,270.13793103448273,-1.8599346716340373,,
miR-100*,2.75,2.0,-0.3219280948873623,,
miR-101,799.8965517241379,333.9655172413793,-1.2576033219897451,,
miR-101*,25.76923076923077,8.105263157894736,-1.555803063514497,,
miR-103,46.785714285714285,61.38461538461539,0.384610907492324,,
miR-105,,3.0,,,
miR-105*,,2.0,,,
miR-106a,12.333333333333334,9.0,-0.4150374992788438,,
miR-106a*,1.0,4.285714285714286,1.4020984435713457,,
miR-106b,85.55172413793103,145.76,0.761824345763256,,
miR-106b*,19.333333333333332,30.428571428571427,0.6282299546253254,,
miR-107,72.62068965517241,132.85714285714286,0.8625109562213022,,
miR-10a,649.3571428571429,232.14285714285714,-1.480017959892705,,
miR-10a*,42.875,5.666666666666667,-2.7183616261383547,,
miR-10b,1436.6896551724137,199.58620689655172,-2.841457975038738,,
miR-10b*,131.42307692307693,3.3846153846153846,-4.916560451405174,,
miR-122,3.4375,10.928571428571429,1.426602250911766,,
miR-122*,1.0,,,,
miR-1224-3p,3.0,1.3333333333333333,-0.7776075786635522,,
miR-1224-5p,3.75,22.0,2.2756344426134274,,
miR-1225-3p,1.0,,,,
miR-1225-5p,1.0,,,,
miR-1226,1.75,1.0,-0.4594316186372972,,
miR-1227,1.0,1.375,0.2479275134435855,,
miR-1228,2.230769230769231,4.461538461538462,0.7574296967259218,,
miR-1228*,4.0,3.375,-0.19264507794239588,,
miR-1229,1.0,2.0,0.5849625007211562,,
miR-1233,1.0,1.2,0.13750352374993502,,
miR-1236,,1.25,,,
miR-1237,1.1666666666666667,2.5,0.691877704637668,,
miR-124,7.5,50.53333333333333,2.5999711670659895,,
miR-124*,,2.0,,,
miR-125a-3p,38.24,14.15,-1.3730072478589255,,
miR-125a-5p,1229.2413793103449,213.9655172413793,-2.516764247248243,,
miR-125b,10572.310344827587,1061.9655172413793,-3.3142604321144047,,
miR-125b-1*,19.956521739130434,5.166666666666667,-1.764836515265155,,
miR-125b-2*,35.28,22.88888888888889,-0.6028347026066498,,
miR-126,3828.0,834.8620689655172,-2.1956308616174196,,
miR-126*,4037.0,603.8214285714286,-2.739059751007558,,
miR-1271,3.0,,,,
miR-127-3p,163.6206896551724,143.37037037037038,-0.18937098285978288,,
miR-127-5p,8.761904761904763,8.35,-0.06219631172641166,,
miR-1277,4.0,,,,
miR-128,86.22222222222223,219.84615384615384,1.3402740547294125,,
miR-129-3p,3.1875,2.875,-0.11189288007089722,,
miR-129-5p,16.36842105263158,9.5,-0.7260772780234701,,
miR-129*,3.0,2.0,-0.4150374992788438,,
miR-130a,2444.7586206896553,770.5357142857143,-1.6644771813408539,,
miR-130a*,1.6,1.75,0.08091999538356746,,
miR-130b,79.32142857142857,136.9655172413793,0.7804508944978171,,
miR-130b*,14.909090909090908,17.636363636363637,0.22826898767311732,,
miR-132,53.0,44.375,-0.2510617641677178,,
miR-132*,30.03846153846154,14.476190476190476,-1.0040066599996318,,
miR-133a,21.923076923076923,3.2666666666666666,-2.425619397929588,,
miR-133b,13.434782608695652,1.3333333333333333,-2.6290850539534643,,
miR-134,6.9523809523809526,6.875,-0.014106946195375477,,
miR-135a,166.1,15.117647058823529,-3.3739986814636382,,
miR-135a*,4.2,2.5,-0.5711567011961258,,
miR-135b,34.22727272727273,141.33333333333334,2.014508877375032,,
miR-135b*,1.0,2.0,0.5849625007211562,,
miR-136,71.0,92.23076923076923,0.3728092638895462,,
miR-136*,20.153846153846153,9.0,-1.0809199953835675,,
miR-137,2.125,6.222222222222222,1.2085866218114176,,
miR-138,2.272727272727273,3.466666666666667,0.4487052120442387,,
miR-138-1*,,1.2,,,
miR-139-3p,13.608695652173912,7.857142857142857,-0.7219140783924762,,
miR-139-5p,56.03703703703704,15.5625,-1.7839785839682336,,
miR-140-3p,194.3793103448276,92.76923076923077,-1.0590911987714065,,
miR-140-5p,390.7241379310345,62.82142857142857,-2.617725222280586,,
miR-141,197.25,548.0714285714286,1.469672975364308,,
miR-141*,11.090909090909092,38.476190476190474,1.7070600518530976,,
miR-142-3p,212.17241379310346,1248.0714285714287,2.5507633212394016,,
miR-142-5p,283.51724137931035,1153.7241379310344,2.020960249107619,,
miR-143,73430.24137931035,4261.931034482759,-4.106476368669391,,
miR-143*,26.0,12.7,-0.9787835140903042,,
miR-144,708.6785714285714,216.92857142857142,-1.7033103924269601,,
miR-144*,3.764705882352941,3.8181818181818183,0.016101674291616533,,
miR-145,24836.689655172413,14855.448275862069,-0.7414417309515536,,
miR-145*,806.3793103448276,84.89285714285714,-3.232636550405336,,
miR-146a,32.2962962962963,146.96428571428572,2.1518153795706243,,
miR-146a*,1.0,4.5,1.4594316186372973,,
miR-146b-3p,1.3333333333333333,2.0,0.36257007938470837,,
miR-146b-5p,43.96,114.84615384615384,1.3654962060846345,,
miR-147b,3.5555555555555554,37.130434782608695,3.065244073211949,,
miR-148a,73.82142857142857,176.41379310344828,1.2455947601246489,,
miR-148a*,1.7692307692307692,4.615384615384615,1.0198995574377048,,
miR-148b,53.25,47.40909090909091,-0.1643451359685761,,
miR-148b*,1.0,1.8333333333333333,0.5025003405291831,,
miR-149,23.037037037037038,74.125,1.6440340148755155,,
miR-149*,1.0,2.0,0.5849625007211562,,
miR-150,177.67857142857142,670.0689655172414,1.9090944141368382,,
miR-150*,1.4166666666666667,1.8181818181818181,0.22174619734316184,,
miR-151-3p,261.3703703703704,226.67857142857142,-0.20460629001246738,,
miR-151-5p,3680.6206896551726,1421.7586206896551,-1.37165007524669,,
miR-152,110.86206896551724,67.07407407407408,-0.7165435599641349,,
miR-153,10.476190476190476,4.6,-1.0351450862809597,,
miR-154,9.875,14.266666666666667,0.48936969663969726,,
miR-154*,4.611111111111111,4.5,-0.02885486267218498,,
miR-155,42.0,315.84615384615387,2.881373938025067,,
miR-155*,1.0,1.1666666666666667,0.11547721741993618,,
miR-15a,547.4137931034483,1067.4642857142858,0.9622019237786686,,
miR-15a*,3.95,11.0,1.277533975528909,,
miR-15b,1875.344827586207,3950.2413793103447,1.0743809972278298,,
miR-15b*,10.434782608695652,18.47826086956522,0.7684359327653019,,
miR-16,1056.1379310344828,1898.4642857142858,0.8454289603303625,,
miR-16-1*,1.1428571428571428,3.5714285714285716,1.0931094043914815,,
miR-16-2*,29.692307692307693,95.3076923076923,1.6497739107102727,,
miR-17,21.93103448275862,31.51851851851852,0.5039600921109099,,
miR-17*,152.92857142857142,177.17241379310346,0.21101294137843193,,
miR-181a,917.2413793103449,1229.5862068965516,0.42240037546775294,,
miR-181a*,15.428571428571429,10.65,-0.4958770791198534,,
miR-181a-2*,5.0,3.2142857142857144,-0.5096743734169189,,
miR-181b,54.15384615384615,125.03703703703704,1.1923143432407275,,
miR-181c,58.23076923076923,105.12,0.8412778530127996,,
miR-181c*,5.75,4.928571428571429,-0.1872029928741478,,
miR-181d,9.45,6.9375,-0.3967463504213545,,
miR-182,34.77777777777778,190.69565217391303,2.42168192888643,,
miR-182*,,1.0,,,
miR-183,8.772727272727273,40.21739130434783,2.076420061889083,,
miR-183*,2.625,11.428571428571429,1.7776075786635521,,
miR-184,19.916666666666668,16.3125,-0.2728388871804276,,
miR-185,414.6896551724138,916.3103448275862,1.1419030640196313,,
miR-185*,1.3333333333333333,1.7142857142857142,0.2181801700495337,,
miR-186,431.3103448275862,234.10344827586206,-0.8787716599036192,,
miR-186*,5.625,4.882352941176471,-0.17152710603881383,,
miR-187,9.153846153846153,33.583333333333336,1.7680506242957699,,
miR-187*,1.0,1.0,0.0,,
miR-188-3p,6.5,5.0,-0.3219280948873623,,
miR-188-5p,24.26923076923077,41.375,0.7458316209551065,,
miR-18a,6.1923076923076925,19.708333333333332,1.5256847990945854,,
miR-18a*,2.0,8.333333333333334,1.6374299206152918,,
miR-18b,1.3333333333333333,1.125,-0.13492958008610836,,
miR-18b*,1.0,1.4,0.2630344058337938,,
miR-190,20.96,8.058823529411764,-1.277482449785912,,
miR-190b,13.588235294117647,3.3333333333333335,-1.7512562517165995,,
miR-191,2229.7586206896553,1910.2413793103449,-0.22302442086455349,,
miR-191*,1.8235294117647058,2.0,0.0874628412503394,,
miR-192,35.785714285714285,76.03571428571429,1.0663818390898734,,
miR-192*,1.6666666666666667,5.142857142857143,1.2038723333656498,,
miR-193a-3p,168.31034482758622,330.0740740740741,0.9674839155223759,,
miR-193a-5p,88.07407407407408,40.074074074074076,-1.1167775284956942,,
miR-193b,66.22222222222223,199.4814814814815,1.5764588398315291,,
miR-193b*,18.51851851851852,25.5,0.4411488050894531,,
miR-194,10.416666666666666,50.083333333333336,2.161711180730255,,
miR-194*,1.0,3.0,1.0,,
miR-195,2049.2758620689656,619.6071428571429,-1.7240658288902262,,
miR-195*,6.0588235294117645,1.5,-1.4974996594708168,,
miR-196a,238.64,47.07692307692308,-2.3174522669820465,,
miR-196a*,2.0,3.0,0.41503749927884376,,
miR-196b,366.0833333333333,70.73076923076923,-2.355443606085112,,
miR-197,81.5,71.03571428571429,-0.19568176769045828,,
miR-198,1.0,,,,
miR-199a-5p,704.2413793103449,320.41379310344826,-1.1336852838439466,,
miR-199b-3p,309.7931034482759,163.55172413793105,-0.9174133476600189,,
miR-199b-5p,296.0357142857143,173.46153846153845,-0.7677273878218653,,
miR-19a,167.0,286.4074074074074,0.7746360121322611,,
miR-19a*,1.3333333333333333,3.75,1.0255350921071378,,
miR-19b,866.6896551724138,976.7931034482758,0.1723501007220921,,
miR-19b-1*,1.5,2.5833333333333335,0.5193741590935794,,
miR-19b-2*,,1.0,,,
miR-200a,110.3913043478261,411.74074074074076,1.8895992361531506,,
miR-200a*,10.090909090909092,32.28,1.5852778094407785,,
miR-200b,954.25,1875.6896551724137,0.9742398362868507,,
miR-200b*,16.857142857142858,43.1,1.3042773880656753,,
miR-200c,1388.148148148148,5349.517241379311,1.9454778991646213,,
miR-200c*,5.875,13.470588235294118,1.073691950564241,,
miR-202,5.071428571428571,3.6363636363636362,-0.38904229074589924,,
miR-202*,14.48,10.0,-0.49290194773238843,,
miR-203,31.17391304347826,819.8461538461538,4.673148537182615,,
miR-204,258.7241379310345,29.9,-3.071301356469644,,
miR-205,97.48,7735.928571428572,6.295786382669002,,
miR-206,42.333333333333336,10.923076923076923,-1.861720625174153,,
miR-208b,9.0,1.0,-2.321928094887362,,
miR-20a,109.89285714285714,301.7083333333333,1.4487619507488079,,
miR-20a*,37.375,51.92,0.46364631113377264,,
miR-20b,6.05,14.157894736842104,1.1043742304872957,,
miR-20b*,1.5,2.142857142857143,0.3301486016923308,,
miR-21,14767.103448275862,48146.41379310345,1.7049737427408362,,
miR-21*,30.576923076923077,641.1071428571429,4.34587154359727,,
miR-210,24.892857142857142,253.46153846153845,3.29682153818549,,
miR-211,1.0,2.8333333333333335,0.9385994553358568,,
miR-212,7.157894736842105,37.473684210526315,2.2376031906782,,
miR-214,422.3448275862069,189.96428571428572,-1.1485304128016853,,
miR-214*,27.51851851851852,22.125,-0.3024456729024831,,
miR-215,3.857142857142857,19.0,2.041820175694627,,
miR-216a,2.5,21.0,2.652076696579693,,
miR-216b,1.0,45.0,4.523561956057013,,
miR-217,1.3333333333333333,55.333333333333336,4.593524514224581,,
miR-218,326.92857142857144,53.52,-2.588524137624277,,
miR-218-1*,2.933333333333333,1.3333333333333333,-0.7533600324168749,,
miR-218-2*,1.0,1.0,0.0,,
miR-219-1-3p,1.0,,,,
miR-219-2-3p,1.0,,,,
miR-219-5p,1.8461538461538463,2.7142857142857144,0.3840711485956305,,
miR-22,516.2758620689655,930.4444444444445,0.8485358510498276,,
miR-22*,31.565217391304348,52.21739130434783,0.7085659342339009,,
miR-221,247.35714285714286,628.0,1.3406437772092654,,
miR-221*,8.125,12.277777777777779,0.5411172476584191,,
miR-222,194.46428571428572,469.14285714285717,1.2661941699168608,,
miR-222*,1.375,6.928571428571429,1.7391334308489164,,
miR-223,353.89285714285717,3424.8571428571427,3.271009549785392,,
miR-223*,2.625,6.454545454545454,1.0401393908532144,,
miR-224,28.923076923076923,147.67857142857142,2.3128662942375144,,
miR-23a,1399.1724137931035,1126.5172413793102,-0.31245499347800265,,
miR-23a*,5.0,4.214285714285714,-0.20249286389874302,,
miR-23b,2235.862068965517,563.1379310344828,-1.9873564505772865,,
miR-23b*,7.391304347826087,4.0625,-0.7290450783264427,,
miR-24,1239.7857142857142,1116.551724137931,-0.15091237535373306,,
miR-24-1*,4.176470588235294,2.4166666666666665,-0.5993792734900306,,
miR-24-2*,3.3,4.0625,0.23551334306988925,,
miR-25,311.25,412.4642857142857,0.4050611455968491,,
miR-25*,5.888888888888889,31.26923076923077,2.2278159733541685,,
miR-26a,17771.758620689656,8617.103448275862,-1.0442253072399217,,
miR-26a-1*,4.2,2.0,-0.7935491225325738,,
miR-26a-2*,35.708333333333336,8.666666666666666,-1.9250172137928416,,
miR-26b,3386.6785714285716,1231.9285714285713,-1.4582077748963715,,
miR-26b*,13.565217391304348,19.25,0.47539467359650284,,
miR-27a,527.3103448275862,670.7586206896551,0.34655727095563926,,
miR-27a*,4.529411764705882,16.529411764705884,1.6645796687845242,,
miR-27b,1495.2758620689656,501.7241379310345,-1.573537317592709,,
miR-27b*,183.40740740740742,342.76,0.898505074096633,,
miR-28-3p,679.7586206896551,334.07142857142856,-1.0226746730838867,,
miR-28-5p,545.9310344827586,256.62068965517244,-1.0861104654852611,,
miR-296-3p,1.8571428571428572,2.4545454545454546,0.2739227219765299,,
miR-299-3p,9.904761904761905,9.090909090909092,-0.11190211760537484,,
miR-299-5p,13.583333333333334,5.35,-1.1994920192263692,,
miR-29a,2661.896551724138,1971.9655172413793,-0.4326306423882668,,
miR-29a*,172.4814814814815,71.32,-1.2623150856972838,,
miR-29b,1295.0344827586207,935.6551724137931,-0.4685141779307461,,
miR-29b-1*,8.875,7.9375,-0.14390941139871344,,
miR-29b-2*,21.583333333333332,9.85,-1.0575634030755985,,
miR-29c,1461.357142857143,978.8214285714286,-0.5777049465828672,,
miR-29c*,90.03703703703704,66.0,-0.44229250775142065,,
miR-301a,35.592592592592595,49.31818181818182,0.4595281587230459,,
miR-301b,3.4285714285714284,7.666666666666667,0.968635829090665,,
miR-302a*,1.0,,,,
miR-302b,2.0,,,,
miR-302b*,1.5,1.0,-0.3219280948873623,,
miR-302c,1.0,,,,
miR-302d,1.0,2.0,0.5849625007211562,,
miR-30a,392.25,257.6666666666667,-0.6043526139497151,,
miR-30a*,1035.8148148148148,306.42857142857144,-1.7538350819920359,,
miR-30b,302.0344827586207,168.9655172413793,-0.834239888752046,,
miR-30b*,16.541666666666668,6.592592592592593,-1.2081213250032625,,
miR-30c,309.7931034482759,136.85714285714286,-1.172780470129836,,
miR-30c-1*,25.782608695652176,26.40740740740741,0.03326937371495491,,
miR-30c-2*,15.857142857142858,7.4,-1.004898799412839,,
miR-30d,1357.4137931034484,1301.5862068965516,-0.060544157809021705,,
miR-30d*,13.421052631578947,6.526315789473684,-0.9381607461821374,,
miR-30e,345.86206896551727,603.5,0.8013802558617551,,
miR-30e*,1354.7037037037037,611.8571428571429,-1.1454191785398566,,
miR-31,60.57692307692308,599.8888888888889,3.286636560464707,,
miR-31*,8.0,48.56,2.4611792809235644,,
miR-32,76.22222222222223,82.14814814814815,0.10666806129648329,,
miR-32*,16.42105263157895,10.736842105263158,-0.569787506886913,,
miR-320a,1527.0344827586207,1750.344827586207,0.19678606766808426,,
miR-323-3p,3.3333333333333335,2.909090909090909,-0.1486440813551355,,
miR-324-3p,34.48275862068966,39.48,0.19009111315318888,,
miR-324-5p,87.92857142857143,125.03448275862068,0.5030995908143884,,
miR-326,9.047619047619047,12.333333333333334,0.4081838282377815,,
miR-328,25.464285714285715,8.15,-1.5322030668515496,,
miR-329,5.04,6.642857142857143,0.33956351479318864,,
miR-330-3p,2.9130434782608696,7.166666666666667,1.0614562031213906,,
miR-330-5p,2.090909090909091,3.727272727272727,0.6129768768907526,,
miR-331-3p,38.61538461538461,19.954545454545453,-0.9187975821374479,,
miR-331-5p,8.666666666666666,9.052631578947368,0.05648282018574724,,
miR-335,4040.3793103448274,1096.7931034482758,-1.8802415832471207,,
miR-335*,23.652173913043477,19.789473684210527,-0.245861639264336,,
miR-337-3p,93.2,28.761904761904763,-1.6622601979547318,,
miR-337-5p,2.2,2.4166666666666665,0.09451759878428977,,
miR-338-3p,52.73076923076923,44.95454545454545,-0.22554092400265358,,
miR-338-5p,12.0,10.411764705882353,-0.1879897172043039,,
miR-339-3p,85.06896551724138,156.56,0.8723362881046421,,
miR-339-5p,24.62962962962963,37.42307692307692,0.5841604241780699,,
miR-33a,12.25925925925926,20.23076923076923,0.6791564635362889,,
miR-33a*,13.478260869565217,12.666666666666666,-0.0832269071173217,,
miR-33b,6.086956521739131,21.476190476190474,1.665159428409016,,
miR-33b*,1.5,1.7142857142857142,0.11864449649861922,,
miR-340,78.65384615384616,119.39285714285714,0.5959338698471863,,
miR-340*,6.277777777777778,6.125,-0.03060798593039617,,
miR-342-3p,132.78571428571428,223.17857142857142,0.7447243093400352,,
miR-342-5p,9.0,9.4375,0.06177619758668981,,
miR-345,22.32,36.04347826086956,0.6676517807430535,,
miR-346,3.2222222222222223,3.25,0.009460329249066228,,
miR-34a,51.44444444444444,174.92857142857142,1.746127942521828,,
miR-34a*,4.190476190476191,12.0,1.324572816142926,,
miR-34b,112.78571428571429,4.666666666666667,-4.327675288938522,,
miR-34b*,73.5,5.133333333333334,-3.6024971600136673,,
miR-34c-3p,66.6875,5.333333333333333,-3.417852514885898,,
miR-34c-5p,109.85714285714286,6.533333333333333,-3.8792695533228545,,
miR-361-3p,94.28,205.72727272727272,1.1174834121655615,,
miR-361-5p,291.9259259259259,230.57142857142858,-0.3390786234531889,,
miR-362-3p,26.0,27.45,0.07546924525575087,,
miR-362-5p,20.166666666666668,23.9,0.23435165112970865,,
miR-363,14.88,26.4,0.7869649807049311,,
miR-363*,,1.0,,,
miR-365,1118.0740740740741,274.9655172413793,-2.0197456206628592,,
miR-367,1.0,,,,
miR-369-3p,124.32142857142857,29.23076923076923,-2.0515435262270483,,
miR-369-5p,4.368421052631579,4.818181818181818,0.1160705528347926,,
miR-370,1.4444444444444444,1.0,-0.289506617194985,,
miR-371-3p,1.0,1.25,0.16992500144231237,,
miR-371-5p,1.3333333333333333,,,,
miR-372,1.5,,,,
miR-373,1.3333333333333333,2.0,0.36257007938470837,,
miR-373*,,1.0,,,
miR-374a,543.8214285714286,304.4074074074074,-0.8350483936838182,,
miR-374a*,45.0,11.818181818181818,-1.8434422222955165,,
miR-374b,105.48148148148148,37.925925925925924,-1.4517992867569216,,
miR-374b*,3.2666666666666666,2.25,-0.3926696862503893,,
miR-375,121.11764705882354,788.625,2.692895969772865,,
miR-376a,4.117647058823529,3.4705882352941178,-0.19501598240514273,,
miR-376a*,2.6666666666666665,4.3076923076923075,0.5336156207209357,,
miR-376b,8.130434782608695,5.35,-0.5239269697243063,,
miR-376c,183.03571428571428,67.38461538461539,-1.4282420644067468,,
miR-377,20.185185185185187,13.1,-0.5873605771034898,,
miR-377*,2.1538461538461537,2.0,-0.07214978575583525,,
miR-378,506.44827586206895,208.17857142857142,-1.2785257087934891,,
miR-378*,14.73076923076923,30.954545454545453,1.0224319456345812,,
miR-379,13.25,4.5,-1.3734583955274444,,
miR-379*,9.047619047619047,4.3076923076923075,-0.920697027291348,,
miR-380,5.071428571428571,4.625,-0.11018291775042288,,
miR-380*,1.0,2.0,0.5849625007211562,,
miR-381,20.192307692307693,23.857142857142858,0.23011978336105865,,
miR-382,10.227272727272727,11.0,0.09602688777377591,,
miR-383,8.272727272727273,,,,
miR-409-3p,9.956521739130435,10.5,0.06984398861410904,,
miR-409-5p,3.933333333333333,8.916666666666666,1.007292492566356,,
miR-410,3.9047619047619047,4.6,0.19124372276578336,,
miR-411,20.952380952380953,12.777777777777779,-0.6720342087060148,,
miR-411*,11.947368421052632,4.4,-1.2616275846195482,,
miR-421,19.92,22.375,0.1600835134154198,,
miR-423-3p,23.464285714285715,26.17391304347826,0.1515451677021514,,
miR-423-5p,231.68965517241378,240.86206896551724,0.0557774569652469,,
miR-424,2732.448275862069,442.41379310344826,-2.6239965227752466,,
miR-424*,387.0357142857143,48.55172413793103,-2.969182280681277,,
miR-425,22.03846153846154,138.39285714285714,2.597040350733654,,
miR-425*,80.82142857142857,135.68965517241378,0.740353430811845,,
miR-429,41.8125,60.625,0.5254836585300225,,
miR-431,1.2857142857142858,2.3333333333333335,0.5443205162238104,,
miR-431*,2.0,1.0,-0.5849625007211563,,
miR-432,30.954545454545453,35.095238095238095,0.17578735495709333,,
miR-432*,1.5,,,,
miR-433,4.714285714285714,10.2,0.9708536543404833,,
miR-449a,10.916666666666666,2.1666666666666665,-1.911943823334804,,
miR-449b,31.0,1.8,-3.5145731728297585,,
miR-450a,725.5,104.77777777777777,-2.7799262257672104,,
miR-450b-3p,3.375,2.111111111111111,-0.49185309632967467,,
miR-450b-5p,98.875,17.9,-2.4017373635942665,,
miR-451,1220.0689655172414,769.2068965517242,-0.6648267390813338,,
miR-452,18.28,54.73913043478261,1.5315854441064911,,
miR-452*,2.0,3.1666666666666665,0.47393118833241205,,
miR-453,,1.0,,,
miR-454,16.192307692307693,25.88888888888889,0.6452469327900565,,
miR-454*,1.25,2.5,0.6374299206152918,,
miR-455-3p,123.81481481481481,199.73076923076923,0.6854725945736744,,
miR-455-5p,43.36,44.0,0.020665635942689616,,
miR-483-3p,11.428571428571429,4.666666666666667,-1.133088233261941,,
miR-483-5p,26.923076923076923,17.75,-0.5745673293587775,,
miR-484,134.51724137931035,460.3103448275862,1.7672612327810044,,
miR-485-3p,1.8571428571428572,2.857142857142857,0.43295940727610627,,
miR-485-5p,4.5625,8.9375,0.8371495243179575,,
miR-486-3p,1.5,9.545454545454545,2.0766212816029124,,
miR-486-5p,109.10344827586206,38.72,-1.4709221246888722,,
miR-487a,2.4285714285714284,2.111111111111111,-0.14017765804826027,,
miR-487b,12.521739130434783,7.555555555555555,-0.6603472748210009,,
miR-488,23.714285714285715,17.75,-0.3984546150832397,,
miR-488*,1.0,1.0,0.0,,
miR-489,1.0,1.1666666666666667,0.11547721741993618,,
miR-490-3p,1.0,,,,
miR-490-5p,2.25,1.0,-0.7004397181410921,,
miR-491-3p,1.4285714285714286,1.5555555555555556,0.07352903542196496,,
miR-491-5p,3.15,3.5,0.11681366498274988,,
miR-492,,16.0,,,
miR-493,12.318181818181818,9.25,-0.3777732311668669,,
miR-493*,40.76,20.526315789473685,-0.9560202872969962,,
miR-494,10.25,11.714285714285714,0.1765254125791189,,
miR-495,38.0,30.473684210526315,-0.3093280581077289,,
miR-496,3.1666666666666665,3.25,0.02856915219677123,,
miR-497,227.20689655172413,66.22222222222223,-1.7633322504653222,,
miR-497*,24.03846153846154,6.6,-1.7200745964683204,,
miR-498,2.0,1.6,-0.20645087746742632,,
miR-499-3p,1.5,,,,
miR-499-5p,27.92,10.277777777777779,-1.358584731433529,,
miR-500,11.391304347826088,22.61111111111111,0.9301378765876605,,
miR-500*,4.083333333333333,5.7894736842105265,0.4175249051379388,,
miR-501-3p,9.944444444444445,20.35,0.9640373467190642,,
miR-501-5p,7.523809523809524,18.75,1.212282393691607,,
miR-502-3p,5.678571428571429,5.142857142857143,-0.1206297051855387,,
miR-502-5p,7.5,6.0,-0.28010791919273537,,
miR-503,137.03571428571428,56.03846153846154,-1.2750346124410672,,
miR-504,4.454545454545454,1.5,-1.1255308820838588,,
miR-505,51.148148148148145,50.2962962962963,-0.023761357700746444,,
miR-505*,12.05,11.117647058823529,-0.1069402157496433,,
miR-506,6.0,,,,
miR-507,2.7777777777777777,1.0,-0.9175378398080271,,
miR-508-3p,2.8181818181818183,4.0,0.3890422907458993,,
miR-508-5p,3.0,1.4,-0.7369655941662062,,
miR-509-3p,1.3333333333333333,,,,
miR-509-3-5p,2.0,1.0,-0.5849625007211563,,
miR-510,2.75,1.0,-0.9068905956085186,,
miR-511,1.6666666666666667,3.0,0.584962500721156,,
miR-512-3p,,9.0,,,
miR-512-5p,1.0,1.0,0.0,,
miR-513a-3p,1.0,1.0,0.0,,
miR-513a-5p,2.8333333333333335,1.6,-0.560087832082127,,
miR-513b,3.3636363636363638,1.3333333333333333,-0.903138460747411,,
miR-513c,3.1875,1.0,-1.0660891904577725,,
miR-514,4.6,3.0,-0.4854268271702417,,
miR-515-3p,,1.0,,,
miR-515-5p,1.0,5.625,1.7279204545631992,,
miR-516a-5p,1.0,19.6,3.3645724322958563,,
miR-516b,,1.0,,,
miR-516b*,,4.0,,,
miR-517a,1.0,4.0,1.3219280948873624,,
miR-517*,,1.0,,,
miR-517b,1.0,1.0,0.0,,
miR-517c,1.3333333333333333,2.25,0.4780472968046444,,
miR-518a-3p,,1.75,,,
miR-518b,1.0,2.8,0.925999418556223,,
miR-518c,,1.5,,,
miR-518d-3p,1.0,1.0,0.0,,
miR-518e,1.0,2.0,0.5849625007211562,,
miR-518f,,3.0,,,
miR-518f*,,1.0,,,
miR-519a,,30.8,,,
miR-519b-3p,2.0,1.0,-0.5849625007211563,,
miR-519c-3p,1.0,1.6,0.37851162325372983,,
miR-519c-5p,1.0,5.8,1.765534746362977,,
miR-519d,1.0,2.0,0.5849625007211562,,
miR-519e*,,1.6666666666666667,,,
miR-520a-3p,,9.5,,,
miR-520a-5p,1.0,1.0,0.0,,
miR-520c-3p,1.0,1.0,0.0,,
miR-520d-3p,,3.5,,,
miR-520d-5p,,2.0,,,
miR-520e,,1.0,,,
miR-520f,,4.0,,,
miR-520g,,1.0,,,
miR-520h,,2.0,,,
miR-521,1.0,7.5,2.0874628412503395,,
miR-522,,6.5,,,
miR-523,,1.0,,,
miR-524-5p,,1.6,,,
miR-525-3p,,1.0,,,
miR-525-5p,1.0,2.0,0.5849625007211562,,
miR-526b,1.0,2.0,0.5849625007211562,,
miR-526b*,,7.0,,,
miR-527,,1.6666666666666667,,,
miR-532-3p,52.629629629629626,23.695652173913043,-1.1187732214720676,,
miR-532-5p,63.52,66.85714285714286,0.07275424777978805,,
miR-539,1.3333333333333333,1.0,-0.22239242133644782,,
miR-541,2.0,1.0,-0.5849625007211563,,
miR-542-3p,152.3793103448276,33.7037037037037,-2.143942342100217,,
miR-542-5p,39.0,5.523809523809524,-2.616213434705596,,
miR-543,6.545454545454546,5.333333333333333,-0.25264279998719835,,
miR-544,2.5,2.0,-0.22239242133644802,,
miR-545,6.214285714285714,10.823529411764707,0.7127322892343986,,
miR-545*,4.0,6.166666666666667,0.5193741590935794,,
miR-548a-3p,3.6666666666666665,3.75,0.025535092107137794,,
miR-548a-5p,1.8333333333333333,2.3333333333333335,0.23446525363702325,,
miR-548b-3p,1.625,2.8333333333333335,0.5462820325570965,,
miR-548b-5p,6.0,1.6,-1.4288432988038742,,
miR-548c-5p,8.428571428571429,10.0,0.22239242133644802,,
miR-548d-3p,1.1428571428571428,6.428571428571429,1.7935491225325737,,
miR-548d-5p,4.315789473684211,5.470588235294118,0.28361290296611086,,
miR-549-3p,3.5,4.785714285714286,0.3625700793847081,,
miR-549-5p,1.0,1.0,0.0,,
miR-550,2.857142857142857,3.8,0.3155018257279294,,
miR-550*,2.3076923076923075,3.4166666666666665,0.41713291728103713,,
miR-551a,10.375,5.714285714285714,-0.760560710578663,,
miR-551b,4.714285714285714,10.6875,1.0323212870578784,,
miR-551b*,1.0,,,,
miR-552,,6.0,,,
miR-556-3p,1.6666666666666667,2.0,0.16992500144231207,,
miR-556-5p,3.0,2.9285714285714284,-0.025995208532944573,,
miR-559,,1.6,,,
miR-561-5p,4.111111111111111,2.857142857142857,-0.406104374508836,,
miR-566,,1.0,,,
miR-570,2.375,2.2222222222222223,-0.06683150847820882,,
miR-574-3p,354.62068965517244,127.25,-1.4713804353280693,,
miR-576-3p,6.916666666666667,5.454545454545454,-0.29457760674240707,,
miR-576-5p,4.944444444444445,13.555555555555555,1.2919560151363034,,
miR-577,3.0,2.0,-0.4150374992788438,,
miR-579,1.8,2.3333333333333335,0.25153876699596467,,
miR-580,2.0,1.0,-0.5849625007211563,,
miR-581,1.0,1.0,0.0,,
miR-582-3p,2.1538461538461537,4.666666666666667,0.8453880540521918,,
miR-582-5p,7.25,13.5,0.8135868757691187,,
miR-584,2.9375,3.7,0.25538083329035854,,
miR-585,4.388888888888889,4.0,-0.1080597458574531,,
miR-589,2.5454545454545454,7.2,1.2096533095057702,,
miR-589*,2.125,2.857142857142857,0.30367639033113963,,
miR-590-3p,30.391304347826086,30.85,0.020928396538780165,,
miR-590-5p,23.48,53.57142857142857,1.1565422530602176,,
miR-592,1.375,4.3076923076923075,1.1601572251934913,,
miR-597,1.0,1.0,0.0,,
miR-598,6.5,8.647058823529411,0.3631985677592256,,
miR-599,1.0,1.0,0.0,,
miR-600,1.0,1.0,0.0,,
miR-603,1.0,1.5,0.32192809488736235,,
miR-605,1.25,1.0,-0.16992500144231246,,
miR-610,1.0,2.0,0.5849625007211562,,
miR-612,1.0,4.0,1.3219280948873624,,
miR-615-3p,20.40909090909091,11.0,-0.8351891302543298,,
miR-615-5p,1.3333333333333333,,,,
miR-616,1.5555555555555556,1.875,0.16992500144231237,,
miR-616*,1.2857142857142858,2.7777777777777777,0.7248927618656312,,
miR-617,1.0,,,,
miR-618,3.0,2.875,-0.04580368961312479,,
miR-622,,1.0,,,
miR-624,1.8333333333333333,1.5,-0.18057224564182073,,
miR-624*,2.6923076923076925,3.3,0.21981387723467152,,
miR-625,2.0588235294117645,2.823529411764706,0.3219280948873626,,
miR-625*,5.473684210526316,3.6666666666666665,-0.4721945705592066,,
miR-627,2.6470588235294117,11.2,1.7420757735389882,,
miR-628-3p,4.85,5.076923076923077,0.05490440533996866,,
miR-628-5p,6.809523809523809,6.3076923076923075,-0.0958186916494677,,
miR-629,20.375,17.1,-0.23993472269005478,,
miR-629*,2.5,31.25,3.20387233336565,,
miR-636,1.0,1.3333333333333333,0.22239242133644774,,
miR-639,,1.0,,,
miR-641,2.0,1.875,-0.061400544664143256,,
miR-642,14.176470588235293,15.466666666666667,0.11771222180324457,,
miR-643,1.0,1.1666666666666667,0.11547721741993618,,
miR-650,,1.0,,,
miR-651,7.4375,10.666666666666666,0.4675049191729793,,
miR-652,61.22222222222222,49.535714285714285,-0.3001265998410136,,
miR-653,2.3333333333333335,2.25,-0.03652587602511404,,
miR-654-3p,19.541666666666668,11.05,-0.7695200943141561,,
miR-654-5p,1.0,1.0,0.0,,
miR-655,18.894736842105264,7.8,-1.1768113870275523,,
miR-656,5.625,4.545454545454546,-0.25661473563761006,,
miR-658,,1.0,,,
miR-659,1.0,1.0,0.0,,
miR-660,243.17857142857142,388.9642857142857,0.6754054048406896,,
miR-663,2.0,13.25,2.2479275134435857,,
miR-664,11.0,1.0,-2.584962500721156,,
miR-665,2.5,3.4285714285714284,0.33948646627166706,,
miR-668,1.0,,,,
miR-671-3p,2.789473684210526,2.357142857142857,-0.17476355837869348,,
miR-671-5p,4.65,11.1875,1.1090794462217852,,
miR-675,9.875,4.65,-0.9446926283209027,,
miR-7,49.0,420.1034482758621,3.0741746893044835,,
miR-708,57.0,192.75,1.7400715050340279,,
miR-708*,18.19047619047619,7.125,-1.2399507927207525,,
miR-7-1*,23.8,21.91304347826087,-0.11417101991931113,,
miR-7-2*,2.75,1.6666666666666667,-0.49185309632967467,,
miR-744,46.592592592592595,31.375,-0.5558568542312182,,
miR-744*,3.611111111111111,5.363636363636363,0.4647369684030568,,
miR-758,8.263157894736842,5.3125,-0.5532926224419171,,
miR-760,1.3,1.8333333333333333,0.3008664793595326,,
miR-765,3.2,3.45,0.08341600818763747,,
miR-766,3.4,6.944444444444445,0.852442811586142,,
miR-767-3p,1.0,10.75,2.554588851677637,,
miR-767-5p,2.0,1.6666666666666667,-0.16992500144231226,,
miR-768-3p,3.176470588235294,3.8461538461538463,0.21455592710448212,,
miR-768-5p,122.92592592592592,28.6,-2.0658089571332967,,
miR-769-3p,2.0,4.1,0.765534746362977,,
miR-769-5p,7.32,13.705882352941176,0.8217379150453801,,
miR-770-5p,1.0,1.0,0.0,,
miR-801,1.6666666666666667,2.7777777777777777,0.5025003405291831,,
miR-873,14.545454545454545,8.75,-0.6730186773863521,,
miR-874,15.038461538461538,7.866666666666666,-0.8550720154109004,,
miR-875-3p,,1.0,,,
miR-875-5p,,2.0,,,
miR-876-3p,7.5,2.6666666666666665,-1.2129937233341985,,
miR-876-5p,11.590909090909092,3.090909090909091,-1.6218890697195139,,
miR-877,25.925925925925927,44.074074074074076,0.743301898794134,,
miR-877*,1.5555555555555556,3.5,0.8162880468276119,,
miR-885-3p,6.571428571428571,2.0,-1.3356030317844387,,
miR-885-5p,13.375,2.0,-2.260527550223219,,
miR-886-3p,4.1,15.0,1.649502752915867,,
miR-886-5p,13.166666666666666,42.32,1.612532902417057,,
miR-887,6.0588235294117645,3.125,-0.7750336349997258,,
miR-888,1.0,,,,
miR-889,8.157894736842104,5.944444444444445,-0.39915669918536784,,
miR-890,1.0,,,,
miR-891a,2.5,,,,
miR-891b,1.0,,,,
miR-892b,1.0,,,,
miR-9,57.03846153846154,199.6818181818182,1.78982873151294,,
miR-9*,14.333333333333334,73.17391304347827,2.2742405199254208,,
miR-923,6.5,13.041666666666666,0.9047516848521837,,
miR-92a,532.1785714285714,1275.5862068965516,1.259600260680867,,
miR-92a-1*,8.875,39.47826086956522,2.035294653324678,,
miR-92b,228.5,152.55555555555554,-0.5797334444678619,,
miR-92b*,8.136363636363637,4.352941176470588,-0.7712882735932746,,
miR-93,86.29629629629629,187.92,1.1137830892891416,,
miR-93*,14.153846153846153,72.79166666666667,2.283773894715474,,
miR-933,1.0,1.0,0.0,,
miR-934,1.0,2.8333333333333335,0.9385994553358568,,
miR-935,2.0,1.5,-0.2630344058337938,,
miR-937,1.8,6.5,1.421463768438277,,
miR-938,,1.0,,,
miR-939,1.0,2.3333333333333335,0.7369655941662062,,
miR-940,3.076923076923077,8.947368421052632,1.2868341743553802,,
miR-941,2.6153846153846154,6.615384615384615,1.074767768401972,,
miR-942,3.1538461538461537,8.6875,1.2216766212518613,,
miR-944,4.416666666666667,149.65217391304347,4.7976723686602645,,
miR-95,90.8,277.7857142857143,1.6025905768549018,,
miR-96,11.227272727272727,71.91666666666667,2.576145962079208,,
miR-96*,2.0,2.75,0.32192809488736235,,
miR-98,376.60714285714283,237.4814814814815,-0.6630088124317541,,
miR-99a,2017.448275862069,1107.4827586206898,-0.8646602865794304,,
miR-99a*,46.38461538461539,44.130434782608695,-0.0703180502529413,,
miR-99b,333.9310344827586,70.13793103448276,-2.2351731403992785,,
miR-99b*,8.545454545454545,10.7,0.29362272566721687,,
Candidate-1-3p,2.9411764705882355,2.0,-0.3936638484862769,,
Candidate-1-5p,2.5714285714285716,6.0,0.9708536543404835,,
Candidate-2,2.0,15.25,2.4374053123072983,,
Candidate-3,2.5,3.125,0.23703919730084938,,
Candidate-4,32.61538461538461,21.24,-0.5959648684107235,,
Candidate-5,27.047619047619047,480.48148148148147,4.10153009958801,,
Candidate-6,5.157894736842105,6.0,0.18491771591778502,,
Candidate-7-3p,11.31578947368421,5.4,-0.9443653010271813,,
Candidate-7-5p,5.25,9.333333333333334,0.7253776198909944,,
Candidate-8,37.892857142857146,40.285714285714285,0.08613744378377193,,
Candidate-9-3p,1.1666666666666667,2.5,0.691877704637668,,
Candidate-9-5p,2.923076923076923,3.3333333333333335,0.14349159358953292,,
Candidate-10,,8.333333333333334,,,
Candidate-11,4.722222222222222,3.75,-0.2686480122973206,,
Candidate-12-3p,2.8666666666666667,27.791666666666668,2.896489000148049,,
Candidate-12-5p,,1.4,,,
Candidate-13,16.4,11.722222222222221,-0.4517366143067344,,
Candidate-14,108.91304347826087,38.458333333333336,-1.4779606773728613,,
Candidate-15,34.391304347826086,45.80952380952381,0.4034071553525863,,
Candidate-16,2.5,1.5,-0.4854268271702417,,
Candidate-17,6.65,4.466666666666667,-0.48479833879572437,,
Candidate-18-5p,14.807692307692308,22.952380952380953,0.5995423014861759,,
Candidate-18-3p,1.0,2.375,0.7548875021634686,,
Candidate-19,2.75,1.25,-0.7369655941662062,,
Candidate-20,7.35,3.2,-0.9913868696952917,,
Candidate-21-3p,13.814814814814815,30.75,1.0997159991609096,,
Candidate-21-5p,10.454545454545455,25.695652173913043,1.2206845844505472,,
Candidate-22,2.0,4.818181818181818,0.9556058806415466,,
Candidate-23-5p,14.565217391304348,20.6875,0.47853803137101736,,
Candidate-23-3p,2.2,2.142857142857143,-0.025995208532944573,,
Candidate-24,1.5,1.0,-0.3219280948873623,,
Candidate-25-3p,2.0,3.4,0.5525410230287788,,
Candidate-25-5p,2.8,4.4,0.5069599887198832,,
Candidate-26-3p,13.571428571428571,4.521739130434782,-1.3999476891987386,,
Candidate-26-5p,15.88888888888889,15.285714285714286,-0.052467419894135704,,
Candidate-27-5p,8.692307692307692,3.125,-1.2324460860003708,,
Candidate-27-3p,1.0,1.0,0.0,,
Candidate-28,108.88888888888889,30.928571428571427,-1.7831256101910848,,
Candidate-29-5p,2.909090909090909,10.75,1.5877557156128368,,
Candidate-29-3p,5.0,3.0,-0.5849625007211563,,
Candidate-30,2.1818181818181817,14.214285714285714,2.257503299860565,,
Candidate-31,3.5,3.0,-0.16992500144231246,,
Candidate-32-5p,1.0,4.0,1.3219280948873624,,
Candidate-32-3p,,1.0,,,
Candidate-33,1.0,1.25,0.16992500144231237,,
Candidate-34-3p,3.0833333333333335,5.0,0.555215157327104,,
Candidate-34-5p,1.3333333333333333,1.0,-0.22239242133644782,,
Candidate-35,1.5714285714285714,2.3333333333333335,0.37439551478149813,,
Candidate-36-3p,3.111111111111111,35.15384615384615,3.13654886423727,,
Candidate-36-5p,4.3,5.3,0.24935946893671723,,
Candidate-37-5p,7.25,4.3076923076923075,-0.6363093807213765,,
Candidate-37-3p,2.6,2.7,0.03952836418663759,,
Candidate-38,1.0,1.0,0.0,,
Candidate-39,1.0,1.0,0.0,,
Candidate-40-3p,1.9444444444444444,5.294117647058823,1.0960086920299206,,
Candidate-40-5p,2.0,6.25,1.2730184944064158,,
Candidate-41,1.0,1.9,0.5360529002402097,,
Candidate-42,3.3333333333333335,3.6666666666666665,0.10691520391651158,,
Candidate-43,22.692307692307693,29.19047619047619,0.3496747848068377,,
Candidate-44,26.88888888888889,15.666666666666666,-0.7427248634548913,,
Candidate-45,,6.0,,,
Candidate-46,4.857142857142857,8.071428571428571,0.6311326821540822,,
Candidate-47,2.411764705882353,2.5833333333333335,0.0707841001037091,,
Candidate-48,3.6875,1.0,-1.2288186904958809,,
Candidate-49,4.444444444444445,1.0,-1.444784842672896,,
Candidate-50-3p,3.4,4.857142857142857,0.4126935588105445,,
Candidate-50-1-5p,1.6666666666666667,1.0,-0.41503749927884404,,
Candidate-50-2-5p,3.8333333333333335,4.285714285714286,0.12907994916492943,,
Candidate-51-5p,1.0,9.692307692307692,2.418501354582415,,
Candidate-51-1-3p,,7.5,,,
Candidate-52-1,5.0,7.8,0.5525410230287788,,
Candidate-52-2,68.0,50.25,-0.42904435727272305,,
Candidate-53,17.0,20.545454545454547,0.25938662881864955,,
Candidate-54,6.15,9.0,0.4839848529963352,,
Candidate-54-3-3p,1.9230769230769231,8.857142857142858,1.7536817394180715,,
Candidate-55,1.75,1.2857142857142858,-0.2667865406949015,,
Candidate-56,1.0,1.8,0.48542682717024166,,
Candidate-57-5p,6.333333333333333,3.0,-0.8744691179161409,,
Candidate-57-3p,2.0,,,,
Candidate-58-3p,4.153846153846154,2.3333333333333335,-0.6286838781504742,,
Candidate-58-5p,1.0,1.0,0.0,,
Candidate-59-3p,3.6666666666666665,6.111111111111111,0.6076825772212399,,
Candidate-59-5p,3.3076923076923075,6.111111111111111,0.7231597946411756,,
Candidate-60,4.454545454545454,2.0,-0.862496476250065,,
Candidate-61,16.0,1.75,-2.6280312226130422,,
Candidate-62,2.5,1.6666666666666667,-0.39231742277876014,,
Candidate-63,5.0,4.666666666666667,-0.08246216019197282,,
Candidate-64,2.2857142857142856,3.3846153846153846,0.416243262024241,,
Total,281420.4137931034,191032.9655172414,-0.5589029398459043,,
Median,2.1379310344827585,1.8620689655172413,-0.13275520885177156,,
Barcode,,,,,
Candidate-1 to candidate-64 are novel miRNAs identified in this study. The asterisk (*) refers to the sequences paired with predominantly cloned mature miRNAs. ,,,,,
The indices 5p and 3p (indicating the 5' or 3' positioned arm of the pre-miRNA) are assigned if the cloning frequency of the two strands of a processed pre-miRNA was comparable. ,,,,,
"N = normal; T = tumor; * Small RNA capture, amplification and sequencing were repeated at different times.",,,,,
